<?xml version="1.0"?>
<Runs Version="1" Minor="0">
	<Run Id="MicroBlaze_ilmb_v10_0_synth_1" LaunchDir="C:/Users/xujia/OneDrive/MicroBlaze/MIcroBlaze/MIcroBlaze.runs/MicroBlaze_ilmb_v10_0_synth_1" FlowId="Vivado_Synthesis" FromStepId="vivado" ToStepId="vivado"/>
	<Run Id="MicroBlaze_microblaze_0_axi_intc_0_synth_1" LaunchDir="C:/Users/xujia/OneDrive/MicroBlaze/MIcroBlaze/MIcroBlaze.runs/MicroBlaze_microblaze_0_axi_intc_0_synth_1" FlowId="Vivado_Synthesis" FromStepId="vivado" ToStepId="vivado"/>
	<Run Id="MicroBlaze_mdm_1_0_synth_1" LaunchDir="C:/Users/xujia/OneDrive/MicroBlaze/MIcroBlaze/MIcroBlaze.runs/MicroBlaze_mdm_1_0_synth_1" FlowId="Vivado_Synthesis" FromStepId="vivado" ToStepId="vivado"/>
	<Run Id="MicroBlaze_rst_clk_wiz_1_100M_0_synth_1" LaunchDir="C:/Users/xujia/OneDrive/MicroBlaze/MIcroBlaze/MIcroBlaze.runs/MicroBlaze_rst_clk_wiz_1_100M_0_synth_1" FlowId="Vivado_Synthesis" FromStepId="vivado" ToStepId="vivado"/>
	<Run Id="MicroBlaze_axi_uartlite_0_0_synth_1" LaunchDir="C:/Users/xujia/OneDrive/MicroBlaze/MIcroBlaze/MIcroBlaze.runs/MicroBlaze_axi_uartlite_0_0_synth_1" FlowId="Vivado_Synthesis" FromStepId="vivado" ToStepId="vivado"/>
	<Run Id="MicroBlaze_clk_wiz_1_0_synth_1" LaunchDir="C:/Users/xujia/OneDrive/MicroBlaze/MIcroBlaze/MIcroBlaze.runs/MicroBlaze_clk_wiz_1_0_synth_1" FlowId="Vivado_Synthesis" FromStepId="vivado" ToStepId="vivado"/>
	<Run Id="MicroBlaze_axi_gpio_0_0_synth_1" LaunchDir="C:/Users/xujia/OneDrive/MicroBlaze/MIcroBlaze/MIcroBlaze.runs/MicroBlaze_axi_gpio_0_0_synth_1" FlowId="Vivado_Synthesis" FromStepId="vivado" ToStepId="vivado"/>
	<Run Id="MicroBlaze_axi_gpio_0_1_synth_1" LaunchDir="C:/Users/xujia/OneDrive/MicroBlaze/MIcroBlaze/MIcroBlaze.runs/MicroBlaze_axi_gpio_0_1_synth_1" FlowId="Vivado_Synthesis" FromStepId="vivado" ToStepId="vivado"/>
	<Run Id="MicroBlaze_microblaze_0_0_synth_1" LaunchDir="C:/Users/xujia/OneDrive/MicroBlaze/MIcroBlaze/MIcroBlaze.runs/MicroBlaze_microblaze_0_0_synth_1" FlowId="Vivado_Synthesis" FromStepId="vivado" ToStepId="vivado"/>
	<Run Id="MicroBlaze_lmb_bram_0_synth_1" LaunchDir="C:/Users/xujia/OneDrive/MicroBlaze/MIcroBlaze/MIcroBlaze.runs/MicroBlaze_lmb_bram_0_synth_1" FlowId="Vivado_Synthesis" FromStepId="vivado" ToStepId="vivado"/>
	<Run Id="MicroBlaze_dlmb_bram_if_cntlr_0_synth_1" LaunchDir="C:/Users/xujia/OneDrive/MicroBlaze/MIcroBlaze/MIcroBlaze.runs/MicroBlaze_dlmb_bram_if_cntlr_0_synth_1" FlowId="Vivado_Synthesis" FromStepId="vivado" ToStepId="vivado"/>
	<Run Id="MicroBlaze_ilmb_bram_if_cntlr_0_synth_1" LaunchDir="C:/Users/xujia/OneDrive/MicroBlaze/MIcroBlaze/MIcroBlaze.runs/MicroBlaze_ilmb_bram_if_cntlr_0_synth_1" FlowId="Vivado_Synthesis" FromStepId="vivado" ToStepId="vivado"/>
	<Run Id="MicroBlaze_xbar_0_synth_1" LaunchDir="C:/Users/xujia/OneDrive/MicroBlaze/MIcroBlaze/MIcroBlaze.runs/MicroBlaze_xbar_0_synth_1" FlowId="Vivado_Synthesis" FromStepId="vivado" ToStepId="vivado"/>
	<Run Id="MicroBlaze_dlmb_v10_0_synth_1" LaunchDir="C:/Users/xujia/OneDrive/MicroBlaze/MIcroBlaze/MIcroBlaze.runs/MicroBlaze_dlmb_v10_0_synth_1" FlowId="Vivado_Synthesis" FromStepId="vivado" ToStepId="vivado" IsOrderedIPRun="true">
		<Parent Id="MicroBlaze_ilmb_v10_0_synth_1"/>
	</Run>
	<Run Id="synth_1" LaunchDir="C:/Users/xujia/OneDrive/MicroBlaze/MIcroBlaze/MIcroBlaze.runs/synth_1" FlowId="Vivado_Synthesis" FromStepId="vivado" ToStepId="vivado">
		<Parent Id="MicroBlaze_ilmb_v10_0_synth_1"/>
		<Parent Id="MicroBlaze_microblaze_0_axi_intc_0_synth_1"/>
		<Parent Id="MicroBlaze_mdm_1_0_synth_1"/>
		<Parent Id="MicroBlaze_rst_clk_wiz_1_100M_0_synth_1"/>
		<Parent Id="MicroBlaze_axi_uartlite_0_0_synth_1"/>
		<Parent Id="MicroBlaze_clk_wiz_1_0_synth_1"/>
		<Parent Id="MicroBlaze_axi_gpio_0_0_synth_1"/>
		<Parent Id="MicroBlaze_axi_gpio_0_1_synth_1"/>
		<Parent Id="MicroBlaze_microblaze_0_0_synth_1"/>
		<Parent Id="MicroBlaze_lmb_bram_0_synth_1"/>
		<Parent Id="MicroBlaze_dlmb_bram_if_cntlr_0_synth_1"/>
		<Parent Id="MicroBlaze_ilmb_bram_if_cntlr_0_synth_1"/>
		<Parent Id="MicroBlaze_xbar_0_synth_1"/>
		<Parent Id="MicroBlaze_dlmb_v10_0_synth_1"/>
	</Run>
	<Run Id="impl_1" LaunchDir="C:/Users/xujia/OneDrive/MicroBlaze/MIcroBlaze/MIcroBlaze.runs/impl_1" FlowId="Vivado_Implementation" FromStepId="init_design" ToStepId="write_bitstream">
		<Parent Id="synth_1"/>
		<Parent Id="MicroBlaze_ilmb_v10_0_synth_1"/>
		<Parent Id="MicroBlaze_microblaze_0_axi_intc_0_synth_1"/>
		<Parent Id="MicroBlaze_mdm_1_0_synth_1"/>
		<Parent Id="MicroBlaze_rst_clk_wiz_1_100M_0_synth_1"/>
		<Parent Id="MicroBlaze_axi_uartlite_0_0_synth_1"/>
		<Parent Id="MicroBlaze_clk_wiz_1_0_synth_1"/>
		<Parent Id="MicroBlaze_axi_gpio_0_0_synth_1"/>
		<Parent Id="MicroBlaze_axi_gpio_0_1_synth_1"/>
		<Parent Id="MicroBlaze_microblaze_0_0_synth_1"/>
		<Parent Id="MicroBlaze_lmb_bram_0_synth_1"/>
		<Parent Id="MicroBlaze_dlmb_bram_if_cntlr_0_synth_1"/>
		<Parent Id="MicroBlaze_ilmb_bram_if_cntlr_0_synth_1"/>
		<Parent Id="MicroBlaze_xbar_0_synth_1"/>
		<Parent Id="MicroBlaze_dlmb_v10_0_synth_1"/>
	</Run>
	<Parameters>
		<Parameter Name="runs.monitorLSFJobs" Val="true" Type="bool"/>
		<Parameter Name="runs.enableClusterConf" Val="true" Type="bool"/>
	</Parameters>
</Runs>

