<?xml version="1.0" encoding="UTF-8"?>
<GenRun Id="synth_1" LaunchPart="xc7a200tsbg484-1" LaunchTime="1590605052">
  <File Type="PA-TCL" Name="MicroBlaze_wrapper.tcl"/>
  <File Type="RDS-PROPCONSTRS" Name="MicroBlaze_wrapper_drc_synth.rpt"/>
  <File Type="REPORTS-TCL" Name="MicroBlaze_wrapper_reports.tcl"/>
  <File Type="RDS-RDS" Name="MicroBlaze_wrapper.vds"/>
  <File Type="RDS-UTIL" Name="MicroBlaze_wrapper_utilization_synth.rpt"/>
  <File Type="RDS-UTIL-PB" Name="MicroBlaze_wrapper_utilization_synth.pb"/>
  <File Type="RDS-DCP" Name="MicroBlaze_wrapper.dcp"/>
  <File Type="VDS-TIMINGSUMMARY" Name="MicroBlaze_wrapper_timing_summary_synth.rpt"/>
  <File Type="VDS-TIMING-PB" Name="MicroBlaze_wrapper_timing_summary_synth.pb"/>
  <FileSet Name="sources" Type="DesignSrcs" RelSrcDir="$PSRCDIR/sources_1">
    <Filter Type="Srcs"/>
    <File Path="$PSRCDIR/sources_1/bd/MicroBlaze/MicroBlaze.bd">
      <FileInfo>
        <Attr Name="UsedIn" Val="synthesis"/>
        <Attr Name="UsedIn" Val="implementation"/>
        <Attr Name="UsedIn" Val="simulation"/>
      </FileInfo>
    </File>
    <File Path="$PSRCDIR/sources_1/bd/MicroBlaze/hdl/MicroBlaze_wrapper.v">
      <FileInfo>
        <Attr Name="UsedIn" Val="synthesis"/>
        <Attr Name="UsedIn" Val="implementation"/>
        <Attr Name="UsedIn" Val="simulation"/>
      </FileInfo>
    </File>
    <Config>
      <Option Name="DesignMode" Val="RTL"/>
      <Option Name="TopModule" Val="MicroBlaze_wrapper"/>
      <Option Name="TopAutoSet" Val="TRUE"/>
    </Config>
  </FileSet>
  <FileSet Name="constrs_in" Type="Constrs" RelSrcDir="$PSRCDIR/constrs_1">
    <Filter Type="Constrs"/>
    <Config>
      <Option Name="ConstrsType" Val="XDC"/>
    </Config>
  </FileSet>
  <FileSet Name="utils" Type="Utils" RelSrcDir="$PSRCDIR/utils_1">
    <Filter Type="Utils"/>
    <Config>
      <Option Name="TopAutoSet" Val="TRUE"/>
    </Config>
  </FileSet>
  <Strategy Version="1" Minor="2">
    <StratHandle Name="Vivado Synthesis Defaults" Flow="Vivado Synthesis 2019">
      <Desc>Vivado Synthesis Defaults</Desc>
    </StratHandle>
    <Step Id="synth_design"/>
  </Strategy>
  <BlockFileSet Type="BlockSrcs" Name="MicroBlaze_dlmb_bram_if_cntlr_0"/>
  <BlockFileSet Type="BlockSrcs" Name="MicroBlaze_axi_gpio_0_1"/>
  <BlockFileSet Type="BlockSrcs" Name="MicroBlaze_mdm_1_0"/>
  <BlockFileSet Type="BlockSrcs" Name="MicroBlaze_ilmb_v10_0"/>
  <BlockFileSet Type="BlockSrcs" Name="MicroBlaze_microblaze_0_axi_intc_0"/>
  <BlockFileSet Type="BlockSrcs" Name="MicroBlaze_microblaze_0_0"/>
  <BlockFileSet Type="BlockSrcs" Name="MicroBlaze_axi_uartlite_0_0"/>
  <BlockFileSet Type="BlockSrcs" Name="MicroBlaze_rst_clk_wiz_1_100M_0"/>
  <BlockFileSet Type="BlockSrcs" Name="MicroBlaze_clk_wiz_1_0"/>
  <BlockFileSet Type="BlockSrcs" Name="MicroBlaze_axi_gpio_0_0"/>
  <BlockFileSet Type="BlockSrcs" Name="MicroBlaze_lmb_bram_0"/>
  <BlockFileSet Type="BlockSrcs" Name="MicroBlaze_ilmb_bram_if_cntlr_0"/>
  <BlockFileSet Type="BlockSrcs" Name="MicroBlaze_xbar_0"/>
  <BlockFileSet Type="BlockSrcs" Name="MicroBlaze_dlmb_v10_0"/>
</GenRun>
